Compound,EstimatedDegPerLapSeconds
HARD,0.02815443754784033
SOFT,0.01358754078074029
MEDIUM,0.001321462407598912
