model,race_name,n_laps,n_positives,accuracy,precision,recall,f1
logistic_regression,Great Britain,825,106,0.7806060606060606,0.33766233766233766,0.7358490566037735,0.4629080118694362
logistic_regression,Abu Dhabi,1156,81,0.916955017301038,0.3684210526315789,0.25925925925925924,0.30434782608695654
logistic_regression,Emilia Romagna,1207,107,0.700082850041425,0.17391304347826086,0.6355140186915887,0.27309236947791166
logistic_regression,Italy,974,60,0.6509240246406571,0.1446700507614213,0.95,0.2511013215859031
logistic_regression,Monaco,1425,110,0.4968421052631579,0.08594815825375171,0.5727272727272728,0.1494661921708185
logistic_regression,Qatar,1067,128,0.8547328959700093,0.2,0.0703125,0.10404624277456648
